{
  "design": {
    "domain": "movie",
    "n_folds": 50,
    "fold_registry": "models/unified/fold_registry.json",
    "xgb_params": {
      "n_estimators": 200,
      "learning_rate": 0.03,
      "max_depth": 6,
      "subsample": 0.8,
      "colsample_bytree": 0.8,
      "random_state": 42
    },
    "alpha_hi": 0.0597,
    "alpha_lo": 0.0788,
    "alpha_source": "reports/PIPELINE_RUN_LOG.md (Optuna-tuned, movie)",
    "edge_thresholds": {
      "lo": 1.5,
      "hi": 4.5
    },
    "arm_a": "objective=reg:squarederror",
    "arm_b": "objective=AsymmetricEdgePenaltyObjective",
    "note": "Identical hyperparameters and folds; no external sample weights; per-item OOF averaged across 5 repeats; predictions clipped to [0.5,5]."
  },
  "arm_a_standard": {
    "n": 1000,
    "n_edge": 184,
    "overall_mae": 0.4736472370743751,
    "edge_mae": 0.7954641254699749,
    "r2": 0.5981547161228855,
    "acc_half": 81.0,
    "pred_std": 0.7210957626642773,
    "pred_min": 0.753627872467041,
    "pred_max": 4.636707019805908,
    "exact_at_extremes_pct": 8.152173913043478,
    "frac_pred_le_2": 7.1,
    "frac_pred_ge_4": 12.8
  },
  "arm_b_edge": {
    "n": 1000,
    "n_edge": 184,
    "overall_mae": 0.4775623046755791,
    "edge_mae": 0.7956455700423406,
    "r2": 0.5951824224044167,
    "acc_half": 79.60000000000001,
    "pred_std": 0.7270224768974494,
    "pred_min": 0.7944066762924195,
    "pred_max": 4.606346225738525,
    "exact_at_extremes_pct": 8.152173913043478,
    "frac_pred_le_2": 7.6,
    "frac_pred_ge_4": 12.9
  },
  "deltas_b_minus_a": {
    "overall_mae": 0.00391506760120397,
    "edge_mae": 0.00018144457236568545,
    "pred_std": 0.005926714233172037,
    "acc_half": -1.3999999999999915,
    "exact_at_extremes_pct": 0.0
  },
  "paired_wilcoxon": {
    "all": {
      "p": 0.08305516491662758,
      "mae_a": 0.4736472370743751,
      "mae_b": 0.4775623046755791,
      "n": 1000
    },
    "edge": {
      "p": 0.6148575376540666,
      "mae_a": 0.7954641254699749,
      "mae_b": 0.7956455700423406,
      "n": 184
    }
  },
  "alpha_sweep": [
    {
      "alpha": 0.0,
      "overall_mae": 0.4736472370743751,
      "edge_mae": 0.7954641254699749,
      "pred_std": 0.7210957626642773
    },
    {
      "alpha": 0.0597,
      "overall_mae": 0.4769978781938553,
      "edge_mae": 0.7947005726720976,
      "pred_std": 0.7263803678943351
    },
    {
      "alpha": 0.3,
      "overall_mae": 0.4777893040895461,
      "edge_mae": 0.7868348500002986,
      "pred_std": 0.732633137822534
    },
    {
      "alpha": 0.6,
      "overall_mae": 0.4790485608100892,
      "edge_mae": 0.7777504743441291,
      "pred_std": 0.7415331440554942
    },
    {
      "alpha": 1.0,
      "overall_mae": 0.4804088394880295,
      "edge_mae": 0.7658198605413022,
      "pred_std": 0.7502117630538636
    }
  ],
  "sweep_note": "alpha=0.0 row is Arm A (squared error). Symmetric alpha_hi=alpha_lo."
}