{
  "coverage": {
    "movie": {
      "year": 1.0,
      "popularity": 1.0,
      "critic_avg_5": 0.994,
      "runtime": 1.0,
      "box_office_log": 0.907,
      "gen_any": 1.0
    },
    "tv": {
      "year": 1.0,
      "popularity": 1.0,
      "critic_avg_5": 1.0,
      "runtime": 1.0,
      "box_office_log": 0.0,
      "gen_any": 1.0
    },
    "game": {
      "year": 1.0,
      "popularity": 1.0,
      "critic_avg_5": 0.958,
      "runtime": 1.0,
      "box_office_log": 0.0,
      "gen_any": 1.0
    },
    "book": {
      "year": 1.0,
      "popularity": 1.0,
      "critic_avg_5": 1.0,
      "runtime": 1.0,
      "box_office_log": 0.0,
      "gen_any": 1.0
    }
  },
  "shap_top": {
    "movie": [
      [
        "critic_avg_5",
        0.22177568078041077
      ],
      [
        "imdb_rating",
        0.1785096377134323
      ],
      [
        "year",
        0.07105346769094467
      ],
      [
        "vote_average",
        0.061679936945438385
      ],
      [
        "actors_encoded",
        0.06090281903743744
      ],
      [
        "rotten_tomatoes_rating",
        0.04513071849942207
      ],
      [
        "director_encoded",
        0.02888532727956772
      ],
      [
        "pca_18",
        0.026268253102898598
      ],
      [
        "pca_8",
        0.02560659870505333
      ],
      [
        "box_office_log",
        0.021808376535773277
      ],
      [
        "pca_14",
        0.016620676964521408
      ],
      [
        "pca_15",
        0.01637023314833641
      ]
    ],
    "tv": [
      [
        "vote_average",
        0.30354875326156616
      ],
      [
        "pca_0",
        0.07441936433315277
      ],
      [
        "pca_2",
        0.07316441088914871
      ],
      [
        "vote_count_log",
        0.07209575176239014
      ],
      [
        "pca_12",
        0.0572560578584671
      ],
      [
        "year",
        0.05329040810465813
      ],
      [
        "pca_14",
        0.05064397305250168
      ],
      [
        "pca_7",
        0.044607013463974
      ],
      [
        "season_count",
        0.041198596358299255
      ],
      [
        "pca_13",
        0.04017668217420578
      ],
      [
        "pca_10",
        0.03829609230160713
      ],
      [
        "pca_8",
        0.03760189563035965
      ]
    ],
    "game": [
      [
        "ratings_count",
        0.1955365240573883
      ],
      [
        "rating",
        0.16948314011096954
      ],
      [
        "pca_14",
        0.07752232253551483
      ],
      [
        "metacritic",
        0.07468622922897339
      ],
      [
        "pca_2",
        0.07211952656507492
      ],
      [
        "pca_11",
        0.059446338564157486
      ],
      [
        "year",
        0.05410397797822952
      ],
      [
        "pca_0",
        0.04969552159309387
      ],
      [
        "pca_3",
        0.04475005343556404
      ],
      [
        "gen_Action",
        0.04241868853569031
      ],
      [
        "pca_1",
        0.03535060957074165
      ],
      [
        "pca_13",
        0.03525373339653015
      ]
    ],
    "book": [
      [
        "pca_1",
        0.1307750940322876
      ],
      [
        "pca_4",
        0.09369349479675293
      ],
      [
        "averageRating",
        0.09106140583753586
      ],
      [
        "ratingsCount",
        0.08678577840328217
      ],
      [
        "pca_8",
        0.08196457475423813
      ],
      [
        "pca_3",
        0.05572475120425224
      ],
      [
        "pca_2",
        0.03640429303050041
      ],
      [
        "pca_0",
        0.036075789481401443
      ],
      [
        "pca_7",
        0.035979364067316055
      ],
      [
        "pca_12",
        0.03565516695380211
      ],
      [
        "aut_Geronimo Stilton",
        0.03209735080599785
      ],
      [
        "pca_11",
        0.029757928103208542
      ]
    ]
  },
  "base_ablation": {
    "movie": {
      "xgb": {
        "MAE": 0.456,
        "skill": 0.4049
      },
      "cat": {
        "MAE": 0.4675,
        "skill": 0.3899
      },
      "svr": {
        "MAE": 0.4705,
        "skill": 0.386
      },
      "mean": {
        "MAE": 0.4455,
        "skill": 0.4186
      },
      "simplex": {
        "MAE": 0.447,
        "skill": 0.4166
      }
    },
    "tv": {
      "xgb": {
        "MAE": 0.7716,
        "skill": 0.0981
      },
      "cat": {
        "MAE": 0.7963,
        "skill": 0.0692
      },
      "svr": {
        "MAE": 0.7716,
        "skill": 0.0981
      },
      "mean": {
        "MAE": 0.7654,
        "skill": 0.1053
      },
      "simplex": {
        "MAE": 0.7654,
        "skill": 0.1053
      }
    }
  }
}