{
  "coverage": {
    "movie": {
      "year": 1.0,
      "popularity": 1.0,
      "critic_avg_5": 0.994,
      "runtime": 1.0,
      "box_office_log": 0.903,
      "gen_any": 0.994
    },
    "tv": {
      "year": 1.0,
      "popularity": 1.0,
      "critic_avg_5": 1.0,
      "runtime": 1.0,
      "box_office_log": 0.0,
      "gen_any": 0.994
    },
    "game": {
      "year": 1.0,
      "popularity": 1.0,
      "critic_avg_5": 1.0,
      "runtime": 1.0,
      "box_office_log": 0.0,
      "gen_any": 1.0
    },
    "book": {
      "year": 1.0,
      "popularity": 1.0,
      "critic_avg_5": 0.0,
      "runtime": 0.0,
      "box_office_log": 0.0,
      "gen_any": 0.0
    }
  },
  "shap_top": {
    "movie": [
      [
        "critic_avg_5",
        0.2059018909931183
      ],
      [
        "imdb_rating",
        0.1955617517232895
      ],
      [
        "year",
        0.08699947595596313
      ],
      [
        "rotten_tomatoes_rating",
        0.08131502568721771
      ],
      [
        "vote_average",
        0.058829840272665024
      ],
      [
        "pca_8",
        0.029628900811076164
      ],
      [
        "box_office_log",
        0.02697012387216091
      ],
      [
        "pca_14",
        0.021903639659285545
      ],
      [
        "pca_17",
        0.01947423443198204
      ],
      [
        "total_nominations",
        0.01874593086540699
      ],
      [
        "pca_0",
        0.017885060980916023
      ],
      [
        "popularity",
        0.01644567772746086
      ]
    ],
    "tv": [
      [
        "vote_average",
        0.25711682438850403
      ],
      [
        "pca_0",
        0.09054964780807495
      ],
      [
        "pca_14",
        0.07085894793272018
      ],
      [
        "pca_3",
        0.05798007547855377
      ],
      [
        "vote_count_log",
        0.055108413100242615
      ],
      [
        "pca_9",
        0.05476169288158417
      ],
      [
        "pca_13",
        0.04993661120533943
      ],
      [
        "pca_2",
        0.048020265996456146
      ],
      [
        "pca_7",
        0.047550078481435776
      ],
      [
        "pca_12",
        0.04544292762875557
      ],
      [
        "year",
        0.04298047721385956
      ],
      [
        "pca_4",
        0.03986843675374985
      ]
    ],
    "game": [
      [
        "ratings_count",
        0.2670188546180725
      ],
      [
        "rating",
        0.1994638741016388
      ],
      [
        "metacritic",
        0.11291134357452393
      ],
      [
        "year",
        0.07747065275907516
      ],
      [
        "pca_2",
        0.06891677528619766
      ],
      [
        "pca_1",
        0.06442867964506149
      ],
      [
        "reviews_count",
        0.044637810438871384
      ],
      [
        "pca_12",
        0.04289562627673149
      ],
      [
        "pca_0",
        0.037616051733493805
      ],
      [
        "pca_5",
        0.03444119915366173
      ],
      [
        "pca_3",
        0.033446650952100754
      ],
      [
        "pca_6",
        0.031035277992486954
      ]
    ],
    "book": [
      [
        "pca_0",
        0.19776469469070435
      ],
      [
        "pca_2",
        0.14184553921222687
      ],
      [
        "pca_10",
        0.11153863370418549
      ],
      [
        "pca_1",
        0.05106453597545624
      ],
      [
        "pca_13",
        0.04360198974609375
      ],
      [
        "pca_3",
        0.036372922360897064
      ],
      [
        "pca_11",
        0.03063923493027687
      ],
      [
        "pca_12",
        0.02896333485841751
      ],
      [
        "pca_9",
        0.02834797464311123
      ],
      [
        "pca_6",
        0.028281422331929207
      ],
      [
        "pca_7",
        0.026895808055996895
      ],
      [
        "pca_14",
        0.026399627327919006
      ]
    ]
  },
  "base_ablation": {
    "movie": {
      "xgb": {
        "MAE": 0.4694,
        "skill": 0.3864
      },
      "cat": {
        "MAE": 0.4806,
        "skill": 0.3717
      },
      "svr": {
        "MAE": 0.4954,
        "skill": 0.3524
      },
      "mean": {
        "MAE": 0.4648,
        "skill": 0.3924
      },
      "simplex": {
        "MAE": 0.4709,
        "skill": 0.3844
      }
    },
    "tv": {
      "xgb": {
        "MAE": 0.8491,
        "skill": 0.0384
      },
      "cat": {
        "MAE": 0.7956,
        "skill": 0.099
      },
      "svr": {
        "MAE": 0.7862,
        "skill": 0.1097
      },
      "mean": {
        "MAE": 0.7987,
        "skill": 0.0954
      },
      "simplex": {
        "MAE": 0.8145,
        "skill": 0.0776
      }
    }
  }
}