{
  "movies": {
    "domain": "MOVIES + target encodings (director, actors)",
    "old": {
      "MAE": 0.495,
      "R2": 0.522545431690413,
      "Acc": 77.2,
      "skill": 0.3540060110066935
    },
    "new": {
      "MAE": 0.4995,
      "R2": 0.5131042396616924,
      "Acc": 77.10000000000001,
      "skill": 0.3481333383794817
    },
    "wilcoxon_p": 0.35068753604798364,
    "N": 1000,
    "added": "director_te, actors_te (OOF, m=10)"
  },
  "tv": {
    "domain": "TV + showrunner/cast/writer/network TE + structural",
    "old": {
      "MAE": 0.7654320987654321,
      "R2": 0.09133631471234738,
      "Acc": 51.85185185185185,
      "skill": 0.10529128808124011
    },
    "new": {
      "MAE": 0.691358024691358,
      "R2": 0.24687334192374732,
      "Acc": 59.876543209876544,
      "skill": 0.19187600213789424
    },
    "wilcoxon_p": 0.014164235078039777,
    "N": 162,
    "added": "creator_te, actors_te, writer_te, network_te (OOF, m=20); +imdb_rating, episodes, runtime; +status one-hot"
  },
  "books": {
    "domain-blind (transfer-style)": {
      "domain": "BOOKS pooled slice [domain-blind (transfer-style)] + restored channels",
      "old": {
        "MAE": 0.45454545454545453,
        "R2": 0.3568411560913105,
        "Acc": 76.13636363636364,
        "skill": 0.3200695383426695
      },
      "new": {
        "MAE": 0.45454545454545453,
        "R2": 0.3568411560913105,
        "Acc": 76.13636363636364,
        "skill": 0.3200695383426695
      },
      "wilcoxon_p": null,
      "N": 88,
      "added": "critic_avg_5\u2190averageRating, runtime\u2190pageCount, gen_*\u2190categories"
    },
    "identity-aware (production-style)": {
      "domain": "BOOKS pooled slice [identity-aware (production-style)] + restored channels",
      "old": {
        "MAE": 0.4602272727272727,
        "R2": 0.3443120877034789,
        "Acc": 77.27272727272727,
        "skill": 0.31157040757195287
      },
      "new": {
        "MAE": 0.4602272727272727,
        "R2": 0.3443120877034789,
        "Acc": 77.27272727272727,
        "skill": 0.31157040757195287
      },
      "wilcoxon_p": null,
      "N": 88,
      "added": "critic_avg_5\u2190averageRating, runtime\u2190pageCount, gen_*\u2190categories"
    }
  }
}